label,pattern,replace,rank
anoplura,abrocomaphthirus,,genus
anoplura,acanthopinus,,genus
anoplura,achimella,,genus
anoplura,ahaematopinus,,genus
anoplura,alenapthirus,,genus
anoplura,ancistroplax,,genus
anoplura,antarctophthirus,,genus
anoplura,arctophthirus,,genus
anoplura,atopophthirus,,genus
anoplura,bathyergicola,,genus
anoplura,bedfordia,,genus
anoplura,cervophthirius,,genus
anoplura,cervophthrius,,genus
anoplura,ctenophthirus,,genus
anoplura,ctenopleura,,genus
anoplura,ctenura,,genus
anoplura,cuyana,,genus
anoplura,cyclophthirus,,genus
anoplura,docophthirus,,genus
anoplura,echinophthirius,,genus
anoplura,enderleinellus,,genus
anoplura,eremophthirius,,genus
anoplura,euendelerleinellus,,genus
anoplura,euenderleinellus,,genus
anoplura,euhaematopinus,,genus
anoplura,euhoplopleura,,genus
anoplura,eulinognathus,,genus
anoplura,fahrenholzia,,genus
anoplura,ferrisella,,genus
anoplura,galeophthirus,,genus
anoplura,haematopinoides,,genus
anoplura,haematopinus,,genus
anoplura,haemodipsus,,genus
anoplura,hamophthirius,,genus
anoplura,hamophthirus,,genus
anoplura,hasellus,,genus
anoplura,hematopinus,,genus
anoplura,hoplophthirus,,genus
anoplura,hoplopleura,,genus
anoplura,hybophthirus,,genus
anoplura,johnsonpthirus,,genus
anoplura,lagidiophthirus,,genus
anoplura,latagophthirus,,genus
anoplura,lemurpediculus,,genus
anoplura,lemurphthirus,,genus
anoplura,lepidophthirus,,genus
anoplura,linognathella,,genus
anoplura,linognathoides,,genus
anoplura,linognathus,,genus
anoplura,linognatoides,,genus
anoplura,lutegus,,genus
anoplura,microphthirus,,genus
anoplura,microthoracius,,genus
anoplura,mirophthirus,,genus
anoplura,neohaematopinus,,genus
anoplura,neolinognathus,,genus
anoplura,neopedicinus,,genus
anoplura,neumannellus,,genus
anoplura,paradoxophthirus,,genus
anoplura,pecaroecus,,genus
anoplura,pedicinus,,genus
anoplura,pediculus,,genus
anoplura,petauristophthirus,,genus
anoplura,phthirpedicinus,,genus
anoplura,phthirpediculus,,genus
anoplura,phthirunculus,,genus
anoplura,phthirus,,genus
anoplura,polyplax,,genus
anoplura,proechinophthirus,,genus
anoplura,proenderleinellus,,genus
anoplura,prolinognathus,,genus
anoplura,pterophthirus,,genus
anoplura,pthirus,,genus
anoplura,ratemia,,genus
anoplura,rhinophthirus,,genus
anoplura,sathrax,,genus
anoplura,schizophthirus,,genus
anoplura,scipio,,genus
anoplura,solenopotes,,genus
anoplura,stobella,,genus
anoplura,symoca,,genus
anoplura,symysadus,,genus
anoplura,trichaulus,,genus
anoplura,tupaiphthirus,,genus
anoplura,typhlomyophthirus,,genus
anoplura,waterstonia,,genus
anoplura,werneckia,,genus
anoplura,abrocomaphthirus chilensis,,species
anoplura,abrocomaphthirus hoplai,,species
anoplura,abrocomaphthirus longus,,species
anoplura,acanthopinus antennatus,Neohaematopinus sciurinus,species
anoplura,acanthopinus sciurinus,Neohaematopinus sciurinus,species
anoplura,achimella calforhini,Antarctophthirus callorhini,species
anoplura,ahaematopinus inornatus,Neohaematopinus inornatus,species
anoplura,ahaematopinus insulsus,Polyplax insulsa,species
anoplura,alenapthirus spinosissimus,Johnsonpthirus spinosissimus,species
anoplura,ancistroplax chodsigoae,,species
anoplura,ancistroplax crocidurae,,species
anoplura,ancistroplax nasuta,,species
anoplura,ancistroplax nepalensis,,species
anoplura,ancistroplax taiwanensis,,species
anoplura,antarctophthirus callorhini,,species
anoplura,antarctophthirus carlinii,,species
anoplura,antarctophthirus lobodontis,,species
anoplura,antarctophthirus mawsoni,,species
anoplura,antarctophthirus microchir,,species
anoplura,antarctophthirus microchir californicus,Antarctophthirus microchir,species
anoplura,antarctophthirus monarchus,Antarctophthirus callorhini,species
anoplura,antarctophthirus ogmorhini,,species
anoplura,antarctophthirus trichechi,,species
anoplura,arctophthirus trichechi,Antarctophthirus trichechi,species
anoplura,atopophthirus emersoni,,species
anoplura,atopophthirus setosus,,species
anoplura,bathyergicola hilli,Eulinognathus hilli,species
anoplura,bathyergicola lawrensis,Eulinognathus lawrensis,species
anoplura,bathyergicola lophiomydis,Eulinognathus lophiomydis,species
anoplura,bedfordia tripedata,Scipio tripedatus,species
anoplura,cervophthirius capreoli,Solenopotes capreoli,species
anoplura,cervophthirius crassicornis,Solenopotes burmeisteri,species
anoplura,cervophthirius ferrisi,Solenopotes ferrisi,species
anoplura,cervophthirius tarandi,Solenopotes tarandi,species
anoplura,cervophthrius burmeisteri,Solenopotes burmeisteri,species
anoplura,ctenophthirus cercomydis,,species
anoplura,ctenopleura cryptica,Hoplopleura cryptica,species
anoplura,ctenura pectinata,Hoplopleura pectinata,species
anoplura,cuyana maurii,,species
anoplura,cyclophthirus ferrisi,Enderleinellus ferrisi,species
anoplura,cyclophthirus suturalis,Enderleinellus suturalis,species
anoplura,docophthirus acinetus,,species
anoplura,echinophthirius fluctus,Proechinophthirus fluctus,species
anoplura,echinophthirius groenlandicus,Echinophthirius horridus,species
anoplura,echinophthirius horridus,,species
anoplura,echinophthirius horridus baikalensis,Echinophthirius horridus,species
anoplura,echinophthirius horridus erignathi,Echinophthirius horridus,species
anoplura,echinophthirius microchir,Antarctophthirus microchir,species
anoplura,echinophthirius phocae,Echinophthirius horridus,species
anoplura,echinophthirius sericans,Echinophthirius horridus,species
anoplura,echinophthirius sericeus,Echinophthirius horridus,species
anoplura,echinophthirius setosus,Echinophthirius horridus,species
anoplura,enderleinellus arizonensis,,species
anoplura,enderleinellus blagoveshtchenskyi,,species
anoplura,enderleinellus brasiliensis,,species
anoplura,enderleinellus corrugatus,,species
anoplura,enderleinellus deppei,,species
anoplura,enderleinellus disparilis,,species
anoplura,enderleinellus dolichocephalus,,species
anoplura,enderleinellus dremomydis,,species
anoplura,enderleinellus euxeri,,species
anoplura,enderleinellus extremus,,species
anoplura,enderleinellus ferrisi,,species
anoplura,enderleinellus gambiani,,species
anoplura,enderleinellus heliosciuri,,species
anoplura,enderleinellus hondurensis,,species
anoplura,enderleinellus insularis,,species
anoplura,enderleinellus kaibabensis,,species
anoplura,enderleinellus kelloggi,,species
anoplura,enderleinellus krochinae,,species
anoplura,enderleinellus kumadai,,species
anoplura,enderleinellus laeviusculus,Linognathoides laeviusculus,species
anoplura,enderleinellus larisci,,species
anoplura,enderleinellus longiceps,,species
anoplura,enderleinellus malaysianus,,species
anoplura,enderleinellus marmotae,,species
anoplura,enderleinellus menetensis,,species
anoplura,enderleinellus mexicanus,,species
anoplura,enderleinellus microsciuri,,species
anoplura,enderleinellus minutus,Werneckia minuta,species
anoplura,enderleinellus nannosciuri,,species
anoplura,enderleinellus nayaritensis,,species
anoplura,enderleinellus nishimarui,,species
anoplura,enderleinellus nitzschi,,species
anoplura,enderleinellus oculatus,,species
anoplura,enderleinellus osborni,,species
anoplura,enderleinellus paralongiceps,,species
anoplura,enderleinellus paraxeri,Werneckia paraxeri,species
anoplura,enderleinellus platyspicatus,,species
anoplura,enderleinellus pratti,,species
anoplura,enderleinellus propinquus,,species
anoplura,enderleinellus puvensis,,species
anoplura,enderleinellus replicates,,species
anoplura,enderleinellus sciurotamiasis,,species
anoplura,enderleinellus spaerocephalus,Enderleinellus nitzschi,species
anoplura,enderleinellus sphaerocephalus,Enderleinellus nitzschi,species
anoplura,enderleinellus suturalis,,species
anoplura,enderleinellus suturalis occidentalis,Enderleinellus suturalis,species
anoplura,enderleinellus tamiasciuri,,species
anoplura,enderleinellus tamiasis,,species
anoplura,enderleinellus tamiopsis,,species
anoplura,enderleinellus uncinatus,Microphthirus uncinatus,species
anoplura,enderleinellus urosciuri,,species
anoplura,enderleinellus venezuelae,,species
anoplura,enderleinellus zonatus,,species
anoplura,eremophthirius biseriatus,Polyplax biseriata,species
anoplura,eremophthirius ellobii,Polyplax ellobii,species
anoplura,eremophthirius eropepli,Polyplax eropepli,species
anoplura,eremophthirius gerbilli,Polyplax gerbilli,species
anoplura,eremophthirius praecisa,Polyplax praecisa,species
anoplura,eremophthirius stephensi,Polyplax stephensi,species
anoplura,eremophthirius subtaterae,Polyplax subtaterae,species
anoplura,eremophthirius tarsomydis,Polyplax tarsomydis,species
anoplura,eremophthirius taterae,Polyplax taterae,species
anoplura,eremophthirius werneri,Polyplax werneri,species
anoplura,euendelerleinellus platyspicatus,Enderleinellus platyspicatus,species
anoplura,euenderleinellus larisei,Enderleinellus larisci,species
anoplura,euenderleinellus menetensis,Enderleinellus menetensis,species
anoplura,euenderleinellus zonatus,Enderleinellus zonatus,species
anoplura,euhaematopinus abnormis,Haematopinoides squamosus,species
anoplura,euhoplopleura trispinosa,Hoplopleura trispinosa,species
anoplura,eulinognathus aculeatus,,species
anoplura,eulinognathus alactaguli,,species
anoplura,eulinognathus allactagae,,species
anoplura,eulinognathus americanus,,species
anoplura,eulinognathus biuncatus,,species
anoplura,eulinognathus bolivianus,,species
anoplura,eulinognathus cardiocranius,,species
anoplura,eulinognathus caviae,Galeophthirus caviae,species
anoplura,eulinognathus crucuformis,,species
anoplura,eulinognathus denticulatus,,species
anoplura,eulinognathus denticulatus denticulatus,Eulinognathus denticulatus,species
anoplura,eulinognathus denticulatus surdasteri,Eulinognathus denticulatus,species
anoplura,eulinognathus dipodis,,species
anoplura,eulinognathus elateri,,species
anoplura,eulinognathus eremodipodis,,species
anoplura,eulinognathus euchoreutae,,species
anoplura,eulinognathus euchoreutei,Eulinognathus euchoreutae,species
anoplura,eulinognathus gentilis,,species
anoplura,eulinognathus hepperi,,species
anoplura,eulinognathus hesperius,,species
anoplura,eulinognathus hilli,,species
anoplura,eulinognathus hypogeomydis,,species
anoplura,eulinognathus inermis,,species
anoplura,eulinognathus jaculi,,species
anoplura,eulinognathus lawrensis,,species
anoplura,eulinognathus lophiomydis,,species
anoplura,eulinognathus maurii,Cuyana maurii,species
anoplura,eulinognathus parvus,Lagidiophthirus parvus,species
anoplura,eulinognathus patagonicus,,species
anoplura,eulinognathus pygerethmi,,species
anoplura,eulinognathus scirtopodae,,species
anoplura,eulinognathus tokmaki,,species
anoplura,eulinognathus torquatus,,species
anoplura,eulinognathus wernecki,,species
anoplura,fahrenholzia boleni,,species
anoplura,fahrenholzia ehrlichi,,species
anoplura,fahrenholzia fahrenholzi,Fahrenholzia pinnata,species
anoplura,fahrenholzia fairchildi,,species
anoplura,fahrenholzia ferrisi,,species
anoplura,fahrenholzia hertigi,,species
anoplura,fahrenholzia microcephala,,species
anoplura,fahrenholzia pinnata,,species
anoplura,fahrenholzia reducta,,species
anoplura,fahrenholzia schwartzi,,species
anoplura,fahrenholzia texana,,species
anoplura,fahrenholzia tribulosa,,species
anoplura,fahrenholzia tribulosa reducta,Fahrenholzia reducta,species
anoplura,fahrenholzia tribulosa tribulosa,Fahrenholzia tribulosa,species
anoplura,fahrenholzia tribulosa zacatecae,Fahrenholzia zacatecae,species
anoplura,fahrenholzia zacatecae,,species
anoplura,ferrisella barrerae,,species
anoplura,ferrisella disgrega,Hoplopleura disgrega,species
anoplura,ferrisella emarginata,Paradoxophthirus emarginata,species
anoplura,ferrisella malaysiana,Hoplopleura malaysiana,species
anoplura,ferrisella ochotonae,Hoplopleura ochotonae,species
anoplura,galeophthirus caviae,,species
anoplura,haematopinoides squamosus,,species
anoplura,haematopinus acanthopus,Hoplopleura acanthopus,species
anoplura,haematopinus acuticeps,,species
anoplura,haematopinus adventicus,Haematopinus suis,species
anoplura,haematopinus affinis,Hoplopleura affinis,species
anoplura,haematopinus albidus,Pedicinus albidus,species
anoplura,haematopinus annulatus,Echinophthirius horridus,species
anoplura,haematopinus antennatus,Neohaematopinus sciurinus,species
anoplura,haematopinus aperis,Haematopinus apri,species
anoplura,haematopinus apri,,species
anoplura,haematopinus asini,,species
anoplura,haematopinus asini asini,Haematopinus asini,species
anoplura,haematopinus asini burchellis,Haematopinus asini,species
anoplura,haematopinus asini elegans,Haematopinus asini,species
anoplura,haematopinus asini macrocephalus,Haematopinus asini,species
anoplura,haematopinus asini minor,Haematopinus asini,species
anoplura,haematopinus aulacodi,Scipio aulacodi,species
anoplura,haematopinus bicolor,Linognathus setosus,species
anoplura,haematopinus breviceps,Linognathus breviceps,species
anoplura,haematopinus brevicornis,Linognathus brevicornis,species
anoplura,haematopinus breviculus,,species
anoplura,haematopinus brevipes,Haematopinus eurysternus,species
anoplura,haematopinus bufali,,species
anoplura,haematopinus bufali bufali,Haematopinus bufali,species
anoplura,haematopinus bufali europaei,Haematopinus tuberculatus,species
anoplura,haematopinus bufali punctatus,Haematopinus tuberculatus,species
anoplura,haematopinus callorhini,Antarctophthirus callorhini,species
anoplura,haematopinus cameli,Microthoracius cameli,species
anoplura,haematopinus cervicaprae,Linognathus cervicaprae,species
anoplura,haematopinus channabasavannai,,species
anoplura,haematopinus chinensis,Haematopinus suis,species
anoplura,haematopinus clavicornis,Pediculus clavicornis,species
anoplura,haematopinus columbianus,Linognathoides laeviusculus,species
anoplura,haematopinus crassicornis,Solenopotes burmeisteri,species
anoplura,haematopinus echinophthirius setosus,Echinophthirius horridus,species
anoplura,haematopinus elegans,Haematopinus asini,species
anoplura,haematopinus equi,Haematopinus asini,species
anoplura,haematopinus erraticus,Hoplopleura erratica,species
anoplura,haematopinus eurysternus,,species
anoplura,haematopinus forficulus,Linognathus stenopsis,species
anoplura,haematopinus gorgonis,,species
anoplura,haematopinus hesperomydis,Hoplopleura hesperomydis,species
anoplura,haematopinus hispidus,Hoplopleura hispida,species
anoplura,haematopinus incisus,Haematopinus latus,species
anoplura,haematopinus irritans,Haematopinus suis,species
anoplura,haematopinus jeannereti,,species
anoplura,haematopinus laeviusculus,Linognathoides laeviusculus,species
anoplura,haematopinus latus,,species
anoplura,haematopinus latus latissimus,Haematopinus latus,species
anoplura,haematopinus leptocephalus,Prolinognathus leptocephalus,species
anoplura,haematopinus leucophaeus,Schizophthirus pleurophaeus,species
anoplura,haematopinus linognathus piliferus,Linognathus setosus,species
anoplura,haematopinus linognathus praelongiceps,Microthoracius praelongiceps,species
anoplura,haematopinus linognathus squamulatus,Ratemia squamulata,species
anoplura,haematopinus longus,,species
anoplura,haematopinus ludwigi,,species
anoplura,haematopinus lyriocephalus,Haemodipsus lyriocephalus,species
anoplura,haematopinus macrocephalus,Haematopinus asini,species
anoplura,haematopinus meinertzhageni,,species
anoplura,haematopinus microcepahlus,Linognathus pedalis,species
anoplura,haematopinus minor,Haematopinus asini,species
anoplura,haematopinus montanus,Linognathoides laeviusculus,species
anoplura,haematopinus neumanni,Haematopinus bufali,species
anoplura,haematopinus nigricantis,,species
anoplura,haematopinus notophallus,Hybophthirus notophallus,species
anoplura,haematopinus obtusus,Pedicinus obtusus,species
anoplura,haematopinus oliveri,,species
anoplura,haematopinus oryx,,species
anoplura,haematopinus oviformis,Linognathus oviformis,species
anoplura,haematopinus ovillus,Linognathus ovillus,species
anoplura,haematopinus ovis,Linognathus pedalis,species
anoplura,haematopinus palpebrae,Haematopinus quadripertusus,species
anoplura,haematopinus parviprocursus,Haematopinus quadripertusus,species
anoplura,haematopinus pedalis,Linognathus pedalis,species
anoplura,haematopinus peristictus,Haematopinus phacochoeri,species
anoplura,haematopinus phacochoeri,,species
anoplura,haematopinus phthiropsis,Haematopinus bufali,species
anoplura,haematopinus piliferus,Linognathus setosus,species
anoplura,haematopinus polyplax aculeatus,Eulinognathus aculeatus,species
anoplura,haematopinus polyplax bidentatus,Hoplopleura bidentata,species
anoplura,haematopinus polyplax echinatus,Neohaematopinus echinatus,species
anoplura,haematopinus polyplax longulus,Hoplopleura longula,species
anoplura,haematopinus polyplax lyriocephalus,Haemodipsus lyriocephalus,species
anoplura,haematopinus polyplax maniculatus,Hoplopleura maniculata,species
anoplura,haematopinus polyplax pectinifer,Linognathoides pectinifer,species
anoplura,haematopinus polyplax quadridentatus,Hoplopleura quadridentata,species
anoplura,haematopinus polyplax spiniger,Polyplax spinigera,species
anoplura,haematopinus polyplax spiniger reclinatus,Polyplax reclinata,species
anoplura,haematopinus polyplax spinulosus,Polyplax spinulosa,species
anoplura,haematopinus polyplax stephensi,Polyplax stephensi,species
anoplura,haematopinus polyplax ventricosus,Haemodipsus ventricosus,species
anoplura,haematopinus praecisus,Polyplax praecisa,species
anoplura,haematopinus praecitus,Polyplax praecisa,species
anoplura,haematopinus punctatus,Haematopinus tuberculatus,species
anoplura,haematopinus quadripertusus,,species
anoplura,haematopinus reclinatus,Polyplax reclinata,species
anoplura,haematopinus rupicaprae,Linognathus stenopsis,species
anoplura,haematopinus saccatus,Linognathus saccatus,species
anoplura,haematopinus sciuropteri,Neohaematopinus sciuropteri,species
anoplura,haematopinus serratus,Polyplax serrata,species
anoplura,haematopinus setosus,Linognathoides pectinifer,species
anoplura,haematopinus sphaerocephalus,Enderleinellus nitzschi,species
anoplura,haematopinus spiculifer,Hoplopleura spiculifer,species
anoplura,haematopinus spiniger,Polyplax spinigera,species
anoplura,haematopinus spinulosus,Polyplax spinulosa,species
anoplura,haematopinus stenopsis,Linognathus stenopsis,species
anoplura,haematopinus stephensi,Polyplax stephensi,species
anoplura,haematopinus suis,,species
anoplura,haematopinus suis adventicus,Haematopinus suis,species
anoplura,haematopinus suis chinensis,Haematopinus suis,species
anoplura,haematopinus suis germanus,Haematopinus suis,species
anoplura,haematopinus suis sardinensis,Haematopinus suis,species
anoplura,haematopinus suis suis,Haematopinus suis,species
anoplura,haematopinus suturalis,Enderleinellus suturalis,species
anoplura,haematopinus taurotragi,,species
anoplura,haematopinus tenuirostris,Linognathus vituli,species
anoplura,haematopinus tibialis,Linognathus tibialis,species
anoplura,haematopinus trichechi,Antarctophthirus trichechi,species
anoplura,haematopinus tuberculatus,,species
anoplura,haematopinus ungulatus,Linognathus angulatus,species
anoplura,haematopinus urius,Haematopinus apri,species
anoplura,haematopinus ventricosus,Haemodipsus ventricosus,species
anoplura,haematopinus vituli,Linognathus vituli,species
anoplura,haemodipsus africanus,,species
anoplura,haemodipsus brachylagi,,species
anoplura,haemodipsus conformalis,,species
anoplura,haemodipsus janckei,Haemodipsus ventricosus,species
anoplura,haemodipsus leporis,,species
anoplura,haemodipsus lyriocephalus,,species
anoplura,haemodipsus parvus,Lagidiophthirus parvus,species
anoplura,haemodipsus setoni,,species
anoplura,haemodipsus ventricosus,,species
anoplura,hamophthirius galeopitheci,,species
anoplura,hamophthirus galeopitheci,Hamophthirius galeopitheci,species
anoplura,hasellus pleurophaeus,Schizophthirus pleurophaeus,species
anoplura,hematopinus polyplax praecisus,Polyplax praecisa,species
anoplura,hoplophthirus euxeri,Enderleinellus euxeri,species
anoplura,hoplopleura abeli,,species
anoplura,hoplopleura abstrusus,,species
anoplura,hoplopleura acanthopus,,species
anoplura,hoplopleura acanthopus acanthopus,Hoplopleura acanthopus,species
anoplura,hoplopleura acanthopus edentulus,Hoplopleura edentula,species
anoplura,hoplopleura aethomydis,,species
anoplura,hoplopleura affinis,,species
anoplura,hoplopleura affinis affinis,Hoplopleura affinis,species
anoplura,hoplopleura affinis argentina,Hoplopleura argentina,species
anoplura,hoplopleura aitkeni,,species
anoplura,hoplopleura akanezumi,Hoplopleura affinis,species
anoplura,hoplopleura alata,Pterophthirus alata,species
anoplura,hoplopleura alstoni,,species
anoplura,hoplopleura alticola,,species
anoplura,hoplopleura andina,,species
anoplura,hoplopleura angulata,,species
anoplura,hoplopleura apomydis,,species
anoplura,hoplopleura arboricola,,species
anoplura,hoplopleura argentina,,species
anoplura,hoplopleura arizonensis,,species
anoplura,hoplopleura audax,Pterophthirus audax,species
anoplura,hoplopleura auliscomydis,,species
anoplura,hoplopleura bidentata,,species
anoplura,hoplopleura bilobata,,species
anoplura,hoplopleura biseriata,,species
anoplura,hoplopleura blanfordi,,species
anoplura,hoplopleura brasiliensis,,species
anoplura,hoplopleura calabyi,,species
anoplura,hoplopleura capensis,,species
anoplura,hoplopleura captiosa,,species
anoplura,hoplopleura chelemydis,,species
anoplura,hoplopleura chilensis,,species
anoplura,hoplopleura chippauxi,,species
anoplura,hoplopleura chrotomydis,,species
anoplura,hoplopleura chrysocomi,,species
anoplura,hoplopleura colomydis,,species
anoplura,hoplopleura confuciana,,species
anoplura,hoplopleura contigua,,species
anoplura,hoplopleura cooki,,species
anoplura,hoplopleura cornata,,species
anoplura,hoplopleura cricetuli,,species
anoplura,hoplopleura cryptica,,species
anoplura,hoplopleura cutchicus,,species
anoplura,hoplopleura delticola,,species
anoplura,hoplopleura dendromuris,,species
anoplura,hoplopleura desmodilli,Hoplopleura capensis,species
anoplura,hoplopleura diaphora,,species
anoplura,hoplopleura difficilis,,species
anoplura,hoplopleura disgrega,,species
anoplura,hoplopleura disgrega chilensis,Hoplopleura chilensis,species
anoplura,hoplopleura disgrega disgrega,Hoplopleura disgrega,species
anoplura,hoplopleura dissicula,,species
anoplura,hoplopleura dissimilis,,species
anoplura,hoplopleura distorta,,species
anoplura,hoplopleura edentula,,species
anoplura,hoplopleura emarginata,Paradoxophthirus emarginata,species
anoplura,hoplopleura emphereia,,species
anoplura,hoplopleura enormis,,species
anoplura,hoplopleura enormis enormis,Hoplopleura enormis,species
anoplura,hoplopleura enormis mylomydis,Hoplopleura mylomydis,species
anoplura,hoplopleura enormis pelomydis,Hoplopleura pelomydis,species
anoplura,hoplopleura erismata,,species
anoplura,hoplopleura erratica,,species
anoplura,hoplopleura erratica arboricola,Hoplopleura arboricola,species
anoplura,hoplopleura erratica erratica,Hoplopleura erratica,species
anoplura,hoplopleura exima,,species
anoplura,hoplopleura fahrenholzi,Hoplopleura acanthopus,species
anoplura,hoplopleura ferrisi,,species
anoplura,hoplopleura ferrisi emphereia,Hoplopleura emphereia,species
anoplura,hoplopleura ferrisi ferrisi,Hoplopleura ferrisi,species
anoplura,hoplopleura fonsecai,,species
anoplura,hoplopleura funambuli,,species
anoplura,hoplopleura griseoflavae,,species
anoplura,hoplopleura gyomydis,,species
anoplura,hoplopleura handleyi,,species
anoplura,hoplopleura hesperomydis,,species
anoplura,hoplopleura hesperomydis occidentalis,Hoplopleura hesperomydis,species
anoplura,hoplopleura himalayana,,species
anoplura,hoplopleura himenezumi,,species
anoplura,hoplopleura hirsuta,,species
anoplura,hoplopleura hispida,,species
anoplura,hoplopleura hybomyis,,species
anoplura,hoplopleura hylomysci,,species
anoplura,hoplopleura ileile,,species
anoplura,hoplopleura imitans,Pterophthirus imitans,species
anoplura,hoplopleura imparata,,species
anoplura,hoplopleura inagakii,,species
anoplura,hoplopleura indiscreta,,species
anoplura,hoplopleura inexpectans,,species
anoplura,hoplopleura inexpectans occidentalis,Hoplopleura inexpectans,species
anoplura,hoplopleura ingens,,species
anoplura,hoplopleura intermedia,,species
anoplura,hoplopleura inusitata,,species
anoplura,hoplopleura irritans,,species
anoplura,hoplopleura ismailiae,,species
anoplura,hoplopleura janzeni,,species
anoplura,hoplopleura johnsonae,,species
anoplura,hoplopleura karachiensis,,species
anoplura,hoplopleura khandala,,species
anoplura,hoplopleura kitti,,species
anoplura,hoplopleura kondana,,species
anoplura,hoplopleura laticeps,,species
anoplura,hoplopleura leucomus,,species
anoplura,hoplopleura lineata,Hoplopleura longula,species
anoplura,hoplopleura longula,,species
anoplura,hoplopleura malabarica,,species
anoplura,hoplopleura malaysiana,,species
anoplura,hoplopleura maniculata,,species
anoplura,hoplopleura massoiai,,species
anoplura,hoplopleura mastacomydis,,species
anoplura,hoplopleura melomydis,,species
anoplura,hoplopleura mendezi,,species
anoplura,hoplopleura mendozana,,species
anoplura,hoplopleura meridionidis,,species
anoplura,hoplopleura minasensis,,species
anoplura,hoplopleura minuta,,species
anoplura,hoplopleura misionalis,,species
anoplura,hoplopleura misionensis,,species
anoplura,hoplopleura mitsuii,Hoplopleura maniculata,species
anoplura,hoplopleura mulleri,,species
anoplura,hoplopleura multilobata,,species
anoplura,hoplopleura murinus,,species
anoplura,hoplopleura musculi,Hoplopleura captiosa,species
anoplura,hoplopleura musseri,,species
anoplura,hoplopleura mylomydis,,species
anoplura,hoplopleura myomyis,,species
anoplura,hoplopleura nasvikae,,species
anoplura,hoplopleura neotomydis,,species
anoplura,hoplopleura nesoryzomydis,,species
anoplura,hoplopleura neumanni,,species
anoplura,hoplopleura nicolai,,species
anoplura,hoplopleura notomydis,,species
anoplura,hoplopleura ochotonae,,species
anoplura,hoplopleura octomydis,,species
anoplura,hoplopleura oenomydis,,species
anoplura,hoplopleura ondatraria,,species
anoplura,hoplopleura onychomydis,,species
anoplura,hoplopleura orinocoi,,species
anoplura,hoplopleura oryzomydis,,species
anoplura,hoplopleura oxymycteri,,species
anoplura,hoplopleura pacifica,,species
anoplura,hoplopleura pahari,,species
anoplura,hoplopleura paranaensis,,species
anoplura,hoplopleura patersoni,,species
anoplura,hoplopleura pavlovskyi,,species
anoplura,hoplopleura pectinata,,species
anoplura,hoplopleura pelomydis,,species
anoplura,hoplopleura phaiomydis,,species
anoplura,hoplopleura quadridentata,,species
anoplura,hoplopleura quadridentatus,Hoplopleura quadridentata,species
anoplura,hoplopleura rajah,,species
anoplura,hoplopleura ramgarh,,species
anoplura,hoplopleura reclinata,Polyplax reclinata,species
anoplura,hoplopleura reducta,,species
anoplura,hoplopleura reithrodontomydis,,species
anoplura,hoplopleura rimae,,species
anoplura,hoplopleura riojensis,,species
anoplura,hoplopleura rubrisciuri,,species
anoplura,hoplopleura rukenyae,,species
anoplura,hoplopleura sahyadri,,species
anoplura,hoplopleura scapteromydis,,species
anoplura,hoplopleura sciuricola,,species
anoplura,hoplopleura scotinomydis,,species
anoplura,hoplopleura sembeli,,species
anoplura,hoplopleura serratula,,species
anoplura,hoplopleura setosa,,species
anoplura,hoplopleura setzeri,,species
anoplura,hoplopleura sicata,,species
anoplura,hoplopleura silesica,Hoplopleura acanthopus,species
anoplura,hoplopleura silvula,,species
anoplura,hoplopleura similis,,species
anoplura,hoplopleura sinhgarh,,species
anoplura,hoplopleura somereni,,species
anoplura,hoplopleura sommeri,,species
anoplura,hoplopleura spicula,,species
anoplura,hoplopleura spiculifer,,species
anoplura,hoplopleura splendida,Pterophthirus splendida,species
anoplura,hoplopleura sukenyae,Hoplopleura rukenyae,species
anoplura,hoplopleura thurmanae,,species
anoplura,hoplopleura tiptoni,,species
anoplura,hoplopleura topapuensis,,species
anoplura,hoplopleura torresi,Hoplopleura travassosi,species
anoplura,hoplopleura traubi,,species
anoplura,hoplopleura travassosi,,species
anoplura,hoplopleura trispinosa,,species
anoplura,hoplopleura uralensis,,species
anoplura,hoplopleura uromydis,,species
anoplura,hoplopleura vandeleuria,Hoplopleura silvula,species
anoplura,hoplopleura varia,,species
anoplura,hoplopleura veprecula,,species
anoplura,hoplopleura vietnamensis,,species
anoplura,hoplopleura villosissima,,species
anoplura,hoplopleura wernecki,Pterophthirus wernecki,species
anoplura,hoplopleura xiei,,species
anoplura,hoplopleura zelotomydis,,species
anoplura,hoplopleura zentaensi,,species
anoplura,hoplopleura zyzomydis,,species
anoplura,hybophthirus notophallus,,species
anoplura,hybophthirus orycteropodi,Hybophthirus notophallus,species
anoplura,johnsonpthirus chlorotalpae,,species
anoplura,johnsonpthirus heliosciuri,,species
anoplura,johnsonpthirus keniae,,species
anoplura,johnsonpthirus spinosissimus,,species
anoplura,johnsonpthirus suahelicus,,species
anoplura,lagidiophthirus parvus,,species
anoplura,latagophthirus rauschi,,species
anoplura,lemurpediculus claytoni,,species
anoplura,lemurpediculus madagascariensis,,species
anoplura,lemurpediculus petterorum,,species
anoplura,lemurpediculus robbinsi,,species
anoplura,lemurpediculus verruculosus,,species
anoplura,lemurphthirus galagus,,species
anoplura,lemurphthirus stigmosus,,species
anoplura,lemurphthirus verruculosus,Lemurpediculus verruculosus,species
anoplura,lemurphthirus vincenti,,species
anoplura,lepidophthirus macrorhini,,species
anoplura,lepidophthirus piriformis,,species
anoplura,linognathella vituli,Linognathus vituli,species
anoplura,linognathoides baibacinae,,species
anoplura,linognathoides citelli,,species
anoplura,linognathoides cynomyis,,species
anoplura,linognathoides faurei,,species
anoplura,linognathoides laeviusculus,,species
anoplura,linognathoides marmotae,,species
anoplura,linognathoides montanus,Linognathoides laeviusculus,species
anoplura,linognathoides palaearctus,,species
anoplura,linognathoides pectinifer,,species
anoplura,linognathoides relictus,,species
anoplura,linognathoides schizodactylus,,species
anoplura,linognathoides setosus,Linognathoides pectinifer,species
anoplura,linognathoides spermophili,Linognathoides citelli,species
anoplura,linognathoides traubi,,species
anoplura,linognathoides urocitelli,,species
anoplura,linognathus aepycerus,,species
anoplura,linognathus africanus,,species
anoplura,linognathus albifrontis,Linognathus damaliscus,species
anoplura,linognathus angasi,,species
anoplura,linognathus angulatus,,species
anoplura,linognathus antennatus,,species
anoplura,linognathus antidorcitis,,species
anoplura,linognathus armatus,,species
anoplura,linognathus bedfordi,,species
anoplura,linognathus bhatii,,species
anoplura,linognathus binipilosus,Solenopotes binipilosus,species
anoplura,linognathus breviceps,,species
anoplura,linognathus brevicornis,,species
anoplura,linognathus burmeisteri,Solenopotes burmeisteri,species
anoplura,linognathus caviae capensis,Prolinognathus caviae-capensis,species
anoplura,linognathus cervicaprae,,species
anoplura,linognathus coassus,Solenopotes binipilosus,species
anoplura,linognathus contractus,,species
anoplura,linognathus crassicornis,Solenopotes burmeisteri,species
anoplura,linognathus damaliscus,,species
anoplura,linognathus damarensis,,species
anoplura,linognathus digitalis,,species
anoplura,linognathus elblae,,species
anoplura,linognathus euchore,,species
anoplura,linognathus fahrenholzi,,species
anoplura,linognathus fenneci,,species
anoplura,linognathus ferrisi,Solenopotes ferrisi,species
anoplura,linognathus forficula,Linognathus fahrenholzi,species
anoplura,linognathus fractus,,species
anoplura,linognathus gazella,Linognathus breviceps,species
anoplura,linognathus geigyi,,species
anoplura,linognathus gilvus,Linognathus breviceps,species
anoplura,linognathus gnu,,species
anoplura,linognathus gonolobatus,,species
anoplura,linognathus gorgonus,,species
anoplura,linognathus haematopinus ovillus,Linognathus ovillus,species
anoplura,linognathus hippotragi,,species
anoplura,linognathus hologastrus,Solenopotes hologastrus,species
anoplura,linognathus kimi,,species
anoplura,linognathus leptocephalus,Prolinognathus leptocephalus,species
anoplura,linognathus lewisi,,species
anoplura,linognathus limnotragi,,species
anoplura,linognathus nesotragi,,species
anoplura,linognathus nevilli,,species
anoplura,linognathus oryx,,species
anoplura,linognathus ourebiae,,species
anoplura,linognathus oviformis,,species
anoplura,linognathus ovillus,,species
anoplura,linognathus panamensis,,species
anoplura,linognathus pedalis,,species
anoplura,linognathus peleus,,species
anoplura,linognathus petasmatus,,species
anoplura,linognathus piliferus,Linognathus setosus,species
anoplura,linognathus pithodes,,species
anoplura,linognathus praelongiceps,Microthoracius praelongiceps,species
anoplura,linognathus raphiceri,,species
anoplura,linognathus reduncae,,species
anoplura,linognathus rupicaprae,Linognathus stenopsis,species
anoplura,linognathus saccatus,,species
anoplura,linognathus samburi,,species
anoplura,linognathus schistopygus,Linognathus stenopsis,species
anoplura,linognathus setosus,,species
anoplura,linognathus setosus bhatii,Linognathus bhatii,species
anoplura,linognathus sosninae,,species
anoplura,linognathus spicatus,,species
anoplura,linognathus stenopsis,,species
anoplura,linognathus taeniotrichus,,species
anoplura,linognathus taurotragus,,species
anoplura,linognathus tibialis,,species
anoplura,linognathus tragelaphi,Linognathus panamensis,species
anoplura,linognathus ungufatus,Linognathus angulatus,species
anoplura,linognathus ungulata,Linognathus angulatus,species
anoplura,linognathus vituli,,species
anoplura,linognathus vulpis,,species
anoplura,linognathus weissei,,species
anoplura,linognathus zumpti,,species
anoplura,linognatoides inornatus,Neohaematopinus inornatus,species
anoplura,lutegus pectinifer,Linognathoides pectinifer,species
anoplura,microphthirus uncinatus,,species
anoplura,microthoracius cameli,,species
anoplura,microthoracius mazzai,,species
anoplura,microthoracius minor,,species
anoplura,microthoracius praelongiceps,,species
anoplura,mirophthirus liae,,species
anoplura,neohaematopinus antennatus,Neohaematopinus sciurinus,species
anoplura,neohaematopinus antennatus semifasciatus,Neohaematopinus semifasciatus,species
anoplura,neohaematopinus appressus,,species
anoplura,neohaematopinus baibacinae,Linognathoides baibacinae,species
anoplura,neohaematopinus batuanae,,species
anoplura,neohaematopinus callosciuri,,species
anoplura,neohaematopinus capitaneus,,species
anoplura,neohaematopinus ceylonicus,,species
anoplura,neohaematopinus chinensis,,species
anoplura,neohaematopinus citelli,Linognathoides citelli,species
anoplura,neohaematopinus citellinus,,species
anoplura,neohaematopinus cognatus,,species
anoplura,neohaematopinus echinatus,,species
anoplura,neohaematopinus elbeli,,species
anoplura,neohaematopinus faurei,Linognathoides faurei,species
anoplura,neohaematopinus griseicolus,,species
anoplura,neohaematopinus heliosciuri,Johnsonpthirus heliosciuri,species
anoplura,neohaematopinus inornatus,,species
anoplura,neohaematopinus keniae,Johnsonpthirus keniae,species
anoplura,neohaematopinus kenyae,Johnsonpthirus keniae,species
anoplura,neohaematopinus kinabalensis,,species
anoplura,neohaematopinus laeviusculus,Linognathoides laeviusculus,species
anoplura,neohaematopinus longus,Abrocomaphthirus longus,species
anoplura,neohaematopinus macrospinosus,Neohaematopinus sciurinus,species
anoplura,neohaematopinus marmotae,Linognathoides marmotae,species
anoplura,neohaematopinus mathesoni,Linognathoides marmotae,species
anoplura,neohaematopinus menetensis,,species
anoplura,neohaematopinus neotomae,,species
anoplura,neohaematopinus pacificus,,species
anoplura,neohaematopinus palaearctus,Linognathoides palaearctus,species
anoplura,neohaematopinus pallidus,,species
anoplura,neohaematopinus pansus,,species
anoplura,neohaematopinus pectinifer,Linognathoides pectinifer,species
anoplura,neohaematopinus petauristae,,species
anoplura,neohaematopinus pteromydis,,species
anoplura,neohaematopinus qadrii,,species
anoplura,neohaematopinus relectus,Linognathoides relictus,species
anoplura,neohaematopinus relictus,Linognathoides relictus,species
anoplura,neohaematopinus robustus,,species
anoplura,neohaematopinus rupestis,,species
anoplura,neohaematopinus schizodactylus,Linognathoides schizodactylus,species
anoplura,neohaematopinus sciuri,,species
anoplura,neohaematopinus sciurinus,,species
anoplura,neohaematopinus sciurinus griseicolus,Neohaematopinus griseicolus,species
anoplura,neohaematopinus sciurinus sciurinus,Neohaematopinus sciurinus,species
anoplura,neohaematopinus sciuropteri,,species
anoplura,neohaematopinus semifasciatus,,species
anoplura,neohaematopinus setosus,,species
anoplura,neohaematopinus spilosomae,,species
anoplura,neohaematopinus suahelicus,Johnsonpthirus suahelicus,species
anoplura,neohaematopinus sundasciuri,,species
anoplura,neohaematopinus syriacus,,species
anoplura,neohaematopinus traubi,Linognathoides traubi,species
anoplura,neolinognathus elephantuli,,species
anoplura,neolinognathus praelautus,,species
anoplura,neopedicinus patas,Pedicinus patas,species
anoplura,neumannellus aulacodi,Scipio aulacodi,species
anoplura,paradoxophthirus emarginata,,species
anoplura,pecaroecus javalii,,species
anoplura,pedicinus albidus,,species
anoplura,pedicinus ancoratus,,species
anoplura,pedicinus atratulus,,species
anoplura,pedicinus badii,,species
anoplura,pedicinus badiivorus,Pedicinus badii,species
anoplura,pedicinus bilobatus,Pedicinus patas,species
anoplura,pedicinus breviceps,Pedicinus obtusus,species
anoplura,pedicinus cercocebi,,species
anoplura,pedicinus colobi,,species
anoplura,pedicinus curtipenitus,,species
anoplura,pedicinus cynopitheci,,species
anoplura,pedicinus eurygaster,,species
anoplura,pedicinus fastigatus,Pedicinus pictus,species
anoplura,pedicinus ferrisi,,species
anoplura,pedicinus graciliceps,Pedicinus obtusus,species
anoplura,pedicinus hamadryas,,species
anoplura,pedicinus longiceps,Pedicinus obtusus,species
anoplura,pedicinus miopitheci,,species
anoplura,pedicinus nadleri,,species
anoplura,pedicinus neopedicinus ancoratus,Pedicinus ancoratus,species
anoplura,pedicinus neopedicinus badii,Pedicinus badii,species
anoplura,pedicinus neopedicinus cercocebi,Pedicinus cercocebi,species
anoplura,pedicinus neopedicinus ferrisi,Pedicinus ferrisi,species
anoplura,pedicinus neopedicinus miopitheci,Pedicinus miopitheci,species
anoplura,pedicinus neopedicinus patas,Pedicinus patas,species
anoplura,pedicinus neopedicinus pictus,Pedicinus pictus,species
anoplura,pedicinus neopedicinus pictus ethiopicus,Pedicinus pictus,species
anoplura,pedicinus neopedicinus pictus fastigatus,Pedicinus pictus,species
anoplura,pedicinus neopedicinus pictus gambiensis,Pedicinus pictus,species
anoplura,pedicinus neopedicinus pictus pictus,Pedicinus pictus,species
anoplura,pedicinus neopedicinus pictus polykomi,Pedicinus pictus,species
anoplura,pedicinus neopedicinus veri,Pedicinus veri,species
anoplura,pedicinus obtusus,,species
anoplura,pedicinus paralleliceps,Pedicinus obtusus,species
anoplura,pedicinus parapedicinus albidus,Pedicinus albidus,species
anoplura,pedicinus parapedicinus colobi,Pedicinus colobi,species
anoplura,pedicinus parapedicinus cynopitheci,Pedicinus cynopitheci,species
anoplura,pedicinus parapedicinus hamadryas cercopitheci,Pedicinus hamadryas,species
anoplura,pedicinus parapedicinus hamadryas cynocephafi,Pedicinus hamadryas,species
anoplura,pedicinus parapedicinus hamadryas hamadryas,Pedicinus hamadryas,species
anoplura,pedicinus parapedicinus nadleri,Pedicinus nadleri,species
anoplura,pedicinus parapedicinus obtusus graciliceps,Pedicinus obtusus,species
anoplura,pedicinus parapedicinus obtusus japonicus,Pedicinus obtusus,species
anoplura,pedicinus parapedicinus obtusus longiceps,Pedicinus obtusus,species
anoplura,pedicinus parapedicinus obtusus obtusus,Pedicinus obtusus,species
anoplura,pedicinus parapedicinus obtusus paralleliceps,Pedicinus obtusus,species
anoplura,pedicinus parapedicinus obtusus ssp.i.,Pedicinus obtusus,species
anoplura,pedicinus patas,,species
anoplura,pedicinus pedicinus eurygaster breviceps,Pedicinus eurygaster,species
anoplura,pedicinus pedicinus eurygaster eurygaster,Pedicinus eurygaster,species
anoplura,pedicinus pedicinus eurygaster orientalis,Pedicinus eurygaster,species
anoplura,pedicinus piageti,Pedicinus eurygaster,species
anoplura,pedicinus pictus,,species
anoplura,pedicinus polykomi,Pedicinus pictus,species
anoplura,pedicinus rhesi,Pedicinus obtusus,species
anoplura,pedicinus senegalemsis,,species
anoplura,pedicinus tongkinensis,,species
anoplura,pedicinus veri,,species
anoplura,pedicinus vulgaris,Pedicinus obtusus,species
anoplura,pediculus acanthopus,Hoplopleura acanthopus,species
anoplura,pediculus affinis,Pediculus mj�bergi,species
anoplura,pediculus albidior,Pediculus humanus,species
anoplura,pediculus aquaticus,,species
anoplura,pediculus asini,Haematopinus asini,species
anoplura,pediculus assimilis,Pediculus humanus,species
anoplura,pediculus atelophilus,Pediculus mj�bergi,species
anoplura,pediculus bovis vituli,Linognathus vituli,species
anoplura,pediculus bufali,Haematopinus bufali,species
anoplura,pediculus bufali capensis,Haematopinus bufali,species
anoplura,pediculus bufali europaei,Haematopinus tuberculatus,species
anoplura,pediculus cameli,Microthoracius cameli,species
anoplura,pediculus capitis,Pediculus humanus,species
anoplura,pediculus capitis angustus,Pediculus humanus,species
anoplura,pediculus capitis maculatus,Pediculus humanus,species
anoplura,pediculus caviae capensis,Prolinognathus caviae-capensis,species
anoplura,pediculus cervicalis,Pediculus humanus,species
anoplura,pediculus chapini,Pediculus mj�bergi,species
anoplura,pediculus clavicornis,,species
anoplura,pediculus collaris,Prolinognathus caviae-capensis,species
anoplura,pediculus consobrinus,Pediculus humanus,species
anoplura,pediculus corporis,Pediculus humanus,species
anoplura,pediculus corporis angustus,Pediculus humanus,species
anoplura,pediculus corporis marginatus,Pediculus humanus,species
anoplura,pediculus corporis nigritarum,Pediculus humanus,species
anoplura,pediculus crassicornis,Solenopotes burmeisteri,species
anoplura,pediculus denticulatus,Polyplax spinulosa,species
anoplura,pediculus eurygaster,Pedicinus eurygaster,species
anoplura,pediculus eurysternus,Haematopinus eurysternus,species
anoplura,pediculus ferus,Pthirus pubis,species
anoplura,pediculus flavidus,Linognathus setosus,species
anoplura,pediculus friedenthali,Pediculus humanus,species
anoplura,pediculus hirci,Linognathus stenopsis,species
anoplura,pediculus hispidus,Hoplopleura hispida,species
anoplura,pediculus horridus,Echinophthirius horridus,species
anoplura,pediculus humanus,,species
anoplura,pediculus humanus americanus,Pediculus humanus,species
anoplura,pediculus humanus capitis,Pediculus humanus,species
anoplura,pediculus humanus chinensis,Pediculus humanus,species
anoplura,pediculus humanus corporis,Pediculus humanus,species
anoplura,pediculus humanus humanus,Pediculus humanus,species
anoplura,pediculus humanus marginatus,Pediculus humanus,species
anoplura,pediculus humanus schaeffi,Pediculus schaeffi,species
anoplura,pediculus isopus,Linognathus setosus,species
anoplura,pediculus laeviusculus,Linognathoides laeviusculus,species
anoplura,pediculus leptocephalus,Prolinognathus leptocephalus,species
anoplura,pediculus lobatus,Pediculus mj�bergi,species
anoplura,pediculus lyriceps,Haemodipsus lyriocephalus,species
anoplura,pediculus lyriocephalus,Haemodipsus lyriocephalus,species
anoplura,pediculus macrocephalus,Haematopinus asini,species
anoplura,pediculus microps,Pedicinus eurygaster,species
anoplura,pediculus mj�bergi,,species
anoplura,pediculus nigrescens,Pediculus humanus,species
anoplura,pediculus nigritarum,Pediculus humanus,species
anoplura,pediculus oblongus,Pediculus humanus,species
anoplura,pediculus oxyrrhynchus,Linognathus vituli,species
anoplura,pediculus paenipediculus simiae,Pediculus schaeffi,species
anoplura,pediculus papillosus,Haematopinus bufali,species
anoplura,pediculus parapediculus atelophilus,Pediculus mj�bergi,species
anoplura,pediculus parapediculus chapini,Pediculus mj�bergi,species
anoplura,pediculus parapediculus lobatus,Pediculus mj�bergi,species
anoplura,pediculus parapediculus pseudohumanus,Pediculus humanus,species
anoplura,pediculus pediculus humanus americanus,Pediculus humanus,species
anoplura,pediculus pediculus humanus angustus,Pediculus humanus,species
anoplura,pediculus pediculus humanus nigritarum,Pediculus humanus,species
anoplura,pediculus phocae,Echinophthirius horridus,species
anoplura,pediculus phthiropsis,Haematopinus bufali,species
anoplura,pediculus piliferus,Linognathus setosus,species
anoplura,pediculus pleurophaeus,Schizophthirus pleurophaeus,species
anoplura,pediculus pseudohumanus,Pediculus humanus,species
anoplura,pediculus pubescens,Pediculus humanus,species
anoplura,pediculus pubis,Pthirus pubis,species
anoplura,pediculus punctatus,Haematopinus tuberculatus,species
anoplura,pediculus quadrumanus,,species
anoplura,pediculus reclinatus,Polyplax reclinata,species
anoplura,pediculus schaeffi,,species
anoplura,pediculus schistopyga,Linognathus stenopsis,species
anoplura,pediculus serratus,Polyplax serrata,species
anoplura,pediculus setosus,Linognathus setosus,species
anoplura,pediculus sphaerocephalus,Enderleinellus nitzschi,species
anoplura,pediculus spiculifer,Hoplopleura spiculifer,species
anoplura,pediculus spiniger,Polyplax spinigera,species
anoplura,pediculus spinulosus,Polyplax spinulosa,species
anoplura,pediculus stenopsis,Linognathus stenopsis,species
anoplura,pediculus suis,Haematopinus suis,species
anoplura,pediculus tabescentium,Pediculus humanus,species
anoplura,pediculus tenuirostris,Linognathus vituli,species
anoplura,pediculus tuberculatus,Haematopinus tuberculatus,species
anoplura,pediculus urius,Haematopinus suis,species
anoplura,pediculus vestimenti,Pediculus humanus,species
anoplura,pediculus vituli,Linognathus vituli,species
anoplura,petauristophthirus petauristae,Neohaematopinus petauristae,species
anoplura,phthirpedicinus eurygaster,Pedicinus eurygaster,species
anoplura,phthirpedicinus micropilosus,Pedicinus eurygaster,species
anoplura,phthirpedicinus microps,Pedicinus eurygaster,species
anoplura,phthirpedicinus piageti,Pedicinus eurygaster,species
anoplura,phthirpediculus avahidis,,species
anoplura,phthirpediculus brygooi,,species
anoplura,phthirpediculus propitheci,,species
anoplura,phthirunculus sumatranus,,species
anoplura,phthirus chavesi,Pthirus pubis,species
anoplura,phthirus gorillae,Pthirus gorillae,species
anoplura,phthirus pubis,Pthirus pubis,species
anoplura,polyplax abscisa,Polyplax alaskensis,species
anoplura,polyplax abyssinica,,species
anoplura,polyplax acanthopus,Hoplopleura acanthopus,species
anoplura,polyplax acomydis,,species
anoplura,polyplax affinis,Polyplax serrata,species
anoplura,polyplax alaskensis,,species
anoplura,polyplax antennata,,species
anoplura,polyplax arvicanthis,,species
anoplura,polyplax asiatica,,species
anoplura,polyplax auricularis,,species
anoplura,polyplax beaucournui,,species
anoplura,polyplax bidentatus,Hoplopleura bidentata,species
anoplura,polyplax biseriata,,species
anoplura,polyplax blanfordi,,species
anoplura,polyplax borealis,,species
anoplura,polyplax brachyrrhyncha,,species
anoplura,polyplax brachyrrhynchus,Polyplax brachyrrhyncha,species
anoplura,polyplax brachyuromyis,,species
anoplura,polyplax bullimae,,species
anoplura,polyplax bureschi,,species
anoplura,polyplax calomysci,,species
anoplura,polyplax caluri,,species
anoplura,polyplax calva,Proenderleinellus calva,species
anoplura,polyplax campylopteri,Polyplax spinulosa,species
anoplura,polyplax cannomydis,,species
anoplura,polyplax chinensis,,species
anoplura,polyplax columbiana,Linognathoides laeviusculus,species
anoplura,polyplax cricetulis,,species
anoplura,polyplax cummingsi,,species
anoplura,polyplax cutchicus,,species
anoplura,polyplax dacnomydis,,species
anoplura,polyplax deltoides,Polyplax reclinata,species
anoplura,polyplax dentaticornis,,species
anoplura,polyplax deomydis,,species
anoplura,polyplax dolichura,,species
anoplura,polyplax ellobii,,species
anoplura,polyplax eminatus,Polyplax waterstoni,species
anoplura,polyplax eriopepli,Polyplax eropepli,species
anoplura,polyplax eropepli,,species
anoplura,polyplax expressa,,species
anoplura,polyplax gerbilli,,species
anoplura,polyplax glareoli,Polyplax hannswrangeli,species
anoplura,polyplax gracilis,,species
anoplura,polyplax grammomydis,,species
anoplura,polyplax guatemalensis,,species
anoplura,polyplax hannswrangeli,,species
anoplura,polyplax hispida,Hoplopleura hispida,species
anoplura,polyplax hoogstraali,,species
anoplura,polyplax hopkinsi,,species
anoplura,polyplax humae,,species
anoplura,polyplax hurrianicus,,species
anoplura,polyplax indica,,species
anoplura,polyplax insulsa,,species
anoplura,polyplax jonesi,,species
anoplura,polyplax kaiseri,,species
anoplura,polyplax kondana,,species
anoplura,polyplax laeviuscula,Linognathoides laeviusculus,species
anoplura,polyplax longus,Abrocomaphthirus longus,species
anoplura,polyplax melasmothrixi,,species
anoplura,polyplax meridionalis,,species
anoplura,polyplax miacantha,,species
anoplura,polyplax myotomydis,,species
anoplura,polyplax nesomydis,,species
anoplura,polyplax opimi,,species
anoplura,polyplax otomydis,,species
anoplura,polyplax oxyrrhyncha,,species
anoplura,polyplax oxyrrhynchus,Polyplax oxyrrhyncha,species
anoplura,polyplax painei,Polyplax auricularis,species
anoplura,polyplax paradoxa,,species
anoplura,polyplax parataterae,,species
anoplura,polyplax pectinata,Hoplopleura pectinata,species
anoplura,polyplax phloemydis,,species
anoplura,polyplax phthisica,,species
anoplura,polyplax plesia,,species
anoplura,polyplax pleurophaea,Schizophthirus pleurophaeus,species
anoplura,polyplax praecisa,,species
anoplura,polyplax praomydis,,species
anoplura,polyplax pricei,,species
anoplura,polyplax qiuae,,species
anoplura,polyplax reclinata,,species
anoplura,polyplax reclinata reclinata,Polyplax reclinata,species
anoplura,polyplax rhizomydis,,species
anoplura,polyplax roseinnesi,,species
anoplura,polyplax serrata,,species
anoplura,polyplax serrata paxi,Polyplax serrata,species
anoplura,polyplax shimizui,Polyplax reclinata,species
anoplura,polyplax sindensis,,species
anoplura,polyplax smallwoodae,,species
anoplura,polyplax solivaga,,species
anoplura,polyplax sphaerocephala,Enderleinellus nitzschi,species
anoplura,polyplax spinigera,,species
anoplura,polyplax spinulosa,,species
anoplura,polyplax steatomydis,,species
anoplura,polyplax stephensi,,species
anoplura,polyplax subtaterae,,species
anoplura,polyplax tarsomydis,,species
anoplura,polyplax taterae,,species
anoplura,polyplax taterae mombassae,Polyplax taterae,species
anoplura,polyplax taterae subtaterae,Polyplax subtaterae,species
anoplura,polyplax thamnomydis,,species
anoplura,polyplax turkestanica major,Polyplax asiatica,species
anoplura,polyplax turkestanica turkestanica,Polyplax asiatica,species
anoplura,polyplax vacillata,,species
anoplura,polyplax ventricosa,Haemodipsus ventricosus,species
anoplura,polyplax vicina,,species
anoplura,polyplax villosa,Hoplopleura acanthopus,species
anoplura,polyplax visenda,,species
anoplura,polyplax wallacei,,species
anoplura,polyplax waterstoni,,species
anoplura,polyplax werneri,,species
anoplura,proechinophthirus fluctus,,species
anoplura,proechinophthirus fluctus ochotensis,Proechinophthirus fluctus,species
anoplura,proechinophthirus zumpti,,species
anoplura,proenderleinellus africanus,Proenderleinellus calva,species
anoplura,proenderleinellus calva,,species
anoplura,proenderleinellus hilli,Eulinognathus hilli,species
anoplura,proenderleinellus lawrensis,Eulinognathus lawrensis,species
anoplura,prolinognathus aethiopicus,,species
anoplura,prolinognathus arcuatus,,species
anoplura,prolinognathus caviae-capensis,,species
anoplura,prolinognathus faini,,species
anoplura,prolinognathus ferrisi,,species
anoplura,prolinognathus foleyi,,species
anoplura,prolinognathus leptocephalus,,species
anoplura,prolinognathus marouaensis,,species
anoplura,prolinognathus schulzi,,species
anoplura,pterophthirus alata,,species
anoplura,pterophthirus audax,,species
anoplura,pterophthirus imitans,,species
anoplura,pterophthirus splendida,,species
anoplura,pterophthirus wernecki,,species
anoplura,pthirus gorillae,,species
anoplura,pthirus inguinalis,Pthirus pubis,species
anoplura,pthirus pubis,,species
anoplura,ratemia asiatica,,species
anoplura,ratemia bassoni,,species
anoplura,ratemia squamulata,,species
anoplura,ratemia squamulatus,Ratemia squamulata,species
anoplura,rhinophthirus heliosciuri,Enderleinellus heliosciuri,species
anoplura,sathrax durus,,species
anoplura,schizophthirus aethogliris,,species
anoplura,schizophthirus dryomydis,,species
anoplura,schizophthirus gliris,,species
anoplura,schizophthirus graphiuri,,species
anoplura,schizophthirus jaczewskii,,species
anoplura,schizophthirus pleurophaeus,,species
anoplura,schizophthirus sicistae,,species
anoplura,schizophthirus similes,,species
anoplura,schizophthirus singularis,,species
anoplura,scipio aulacodi,,species
anoplura,scipio breviceps,,species
anoplura,scipio longiceps,Scipio aulacodi,species
anoplura,scipio tripedatus,,species
anoplura,solenopotes binipilosus,,species
anoplura,solenopotes burmeisteri,,species
anoplura,solenopotes capillatus,,species
anoplura,solenopotes capillatus dubius,Solenopotes capillatus,species
anoplura,solenopotes capreoli,,species
anoplura,solenopotes ferrisi,,species
anoplura,solenopotes hologastrus,,species
anoplura,solenopotes muntiacus,,species
anoplura,solenopotes natalensis,,species
anoplura,solenopotes panamensis,Linognathus panamensis,species
anoplura,solenopotes sinensis,Solenopotes muntiacus,species
anoplura,solenopotes tarandi,,species
anoplura,stobella pithodes,Linognathus pithodes,species
anoplura,symoca brachyrrhyncha,Polyplax brachyrrhyncha,species
anoplura,symysadus calva,Proenderleinellus calva,species
anoplura,trichaulus brevicornis,Linognathus brevicornis,species
anoplura,trichaulus pedalis,Linognathus pedalis,species
anoplura,trichaulus piliferus,Linognathus setosus,species
anoplura,trichaulus stenopsis,Linognathus stenopsis,species
anoplura,trichaulus tibialis,Linognathus tibialis,species
anoplura,trichaulus vituli,Linognathus vituli,species
anoplura,tupaiphthirus dolabrifer,Sathrax durus,species
anoplura,typhlomyophthirus bifoliatus,,species
anoplura,typhlomyophthirus lithosis,,species
anoplura,waterstonia calva calva,Proenderleinellus calva,species
anoplura,waterstonia calva zanzibariensis,Proenderleinellus calva,species
anoplura,werneckia africana,,species
anoplura,werneckia funisciuri,,species
anoplura,werneckia minuta,,species
anoplura,werneckia nigeriensis,,species
anoplura,werneckia paraxeri,,species
